# Redirects from what the browser requests to what we serve
/side-projects              /projects/
/going-back-to-the-roots-to-evolve              /blog/going-back-to-the-roots-to-evolve
/reflexions/feeling-good-out-of-my-comfort-zone              /blog/feeling-good-out-of-my-comfort-zone
/hosting/getting-started-with-wordpress-in-openshift              /blog/getting-started-with-wordpress-in-openshift
/webservices/let-me-introduce-you-to-audiostation-steroids              /blog/let-me-introduce-you-to-audiostation-steroids
/reflexions/is-there-cooperation-between-coworkers              /blog/is-there-cooperation-between-coworkers
/reflexions/were-like-wine-we-get-better-with-time              /blog/were-like-wine-we-get-better-with-time
/webservices/guide-to-online-sustainability              /blog/guide-to-online-sustainability
/software/rise-against-procrastination              /blog/rise-against-procrastination
/books/the-passionate-programmer              /blog/the-passionate-programmer
/eventos/barcampes-sevilla-2012              /blog/barcampes-sevilla-2012
/software/i-dont-need-you-itunes              /blog/i-dont-need-you-itunes
/hosting/i-prefer-githubpages-to-wordpresscom              /blog/i-prefer-githubpages-to-wordpresscom
/webservices/servicios-abiertos-o-cerrados-ii-imdb-y-filmaffinity              /blog/servicios-abiertos-o-cerrados-ii-imdb-y-filmaffinity
/webservices/servicios-abiertos-o-cerrados-i-last-fm              /blog/servicios-abiertos-o-cerrados-i-last-fm
/reflexiones/hola              /blog/hola